soc,ocv_discharge,ocv_charge,ocv_mean,hysteresis_V
0.0,2.9408177090427237,3.0555794476881064,2.998198578365415,0.11476173864538275
0.01,3.076736321410082,3.162552791146238,3.11964455627816,0.08581646973615609
0.02,3.1686802816711626,3.2384792855884488,3.203579783629806,0.06979900391728622
0.03,3.238897438103277,3.2972736450168654,3.268085541560071,0.05837620691358847
0.04,3.2936597530435403,3.343718749615973,3.3186892513297566,0.05005899657243251
0.05,3.3280401723750423,3.372798438892359,3.3504193056337006,0.044758266517316514
0.06,3.3472959161527855,3.384372077531346,3.365833996842066,0.037076161378560624
0.07,3.3607478157508925,3.392771316396616,3.3767595660737544,0.03202350064572368
0.08,3.3716391317985503,3.4007582162039554,3.386198674001253,0.029119084405405005
0.09,3.381082998152905,3.408428577233604,3.3947557876932546,0.0273455790806989
0.1,3.3894211164261043,3.416054396361839,3.4027377563939716,0.0266332799357345
0.11,3.396939786480556,3.4237634823478493,3.4103516344142024,0.026823695867293385
0.12,3.4041004167040123,3.431772818607405,3.417936617655709,0.027672401903392707
0.13,3.4115015424614494,3.4408916608448044,3.426196601653127,0.029390118383354924
0.14,3.4212389659132736,3.4512763834752347,3.436257674694254,0.0300374175619611
0.15,3.4365537484635085,3.462773133789084,3.4496634411262965,0.02621938532557566
0.16,3.450363451282277,3.474706035689571,3.462534743485924,0.024342584407293977
0.17,3.4627173058037704,3.4862486677770512,3.474482986790411,0.023531361973280873
0.18,3.475167674842104,3.497476519949066,3.486322097395585,0.02230884510696196
0.19,3.486027878084973,3.5091083795225475,3.4975681288037603,0.02308050143757434
0.2,3.4953809054083838,3.519965343006522,3.507673124207453,0.02458443759813811
0.21,3.504351201407438,3.529762219559877,3.5170567104836574,0.025411018152438736
0.22,3.5134476629284874,3.540235092209877,3.5268413775691823,0.026787429281389663
0.23,3.522936401881612,3.5516516116506884,3.5372940067661505,0.028715209769076377
0.24,3.5322550890763886,3.561883488297337,3.547069288686863,0.02962839922094851
0.25,3.5409736685925277,3.569544835481013,3.5552592520367705,0.028571166888485156
0.26,3.5491258836819486,3.5763527559060977,3.562739319794023,0.0272268722241491
0.27,3.556757923073758,3.5831594346821736,3.569958678877966,0.02640151160841553
0.28,3.564265013598333,3.589695708069778,3.5769803608340554,0.02543069447144486
0.29,3.5715226970832594,3.5960857033547056,3.5838042002189825,0.02456300627144614
0.3,3.5787421219881215,3.6020610242824764,3.590401573135299,0.02331890229435496
0.31,3.5854254355249084,3.607687088279942,3.596556261902425,0.022261652755033445
0.32,3.5918503097324175,3.6134968202132582,3.6026735649728376,0.021646510480840764
0.33,3.5978532592365426,3.619269534095167,3.6085613966658547,0.021416274858624185
0.34,3.6036781426869617,3.6248936926357813,3.6142859176613715,0.02121554994881958
0.35000000000000003,3.6095380152545022,3.63068300343032,3.6201105093424113,0.02114498817581767
0.36,3.6154493704529256,3.6362997483409436,3.6258745593969346,0.020850377888018023
0.37,3.62108314503362,3.642009220109252,3.631546182571436,0.020926075075632156
0.38,3.6270951591627134,3.6478932238073236,3.6374941914850183,0.020798064644610204
0.39,3.633052986065537,3.6536899571336816,3.6433714715996093,0.02063697106814466
0.4,3.6393746252769485,3.6598352347417293,3.649604930009339,0.020460609464780788
0.41000000000000003,3.645691217860327,3.66614262336948,3.6559169206149034,0.02045140550915292
0.42,3.652330322047211,3.672618680624494,3.6624745013358524,0.02028835857728284
0.43,3.659372841087609,3.6794168225980846,3.6693948318428466,0.020043981510475373
0.44,3.666680783190516,3.6864670010184817,3.676573892104499,0.019786217827965746
0.45,3.6743155116188393,3.6938802879659587,3.684097899792399,0.019564776347119395
0.46,3.6823831180808564,3.7017915101372627,3.6920873141090595,0.01940839205640632
0.47000000000000003,3.690746754561301,3.70978943628191,3.700268095421605,0.019042681720609078
0.48,3.699579524562613,3.7184561298512717,3.7090178272069423,0.018876605288658865
0.49,3.7085951441355816,3.727160673397795,3.717877908766688,0.01856552926221333
0.5,3.7178624455121536,3.7361974838191943,3.727029964665674,0.01833503830704064
0.51,3.727143069162453,3.745514723955809,3.7363288965591313,0.018371654793356118
0.52,3.736354338566838,3.7547566022421344,3.7455554704044864,0.018402263675296293
0.53,3.745693473445248,3.764222051394625,3.7549577624199366,0.018528577949377123
0.54,3.7548939938982153,3.7735929819933696,3.7642434879457927,0.018698988095154245
0.55,3.7641717138101427,3.782917410976044,3.773544562393093,0.018745697165901465
0.56,3.774062434457733,3.7922705709558366,3.783166502706785,0.01820813649810349
0.5700000000000001,3.784507178423946,3.801992803992041,3.7932499912079933,0.017485625568095298
0.58,3.79682506155218,3.8118847099849535,3.804354885768567,0.015059648432773631
0.59,3.8120237901912835,3.822837015916306,3.8174304030537947,0.010813225725022413
0.6,3.8287997606998463,3.8353400603409935,3.8320699105204197,0.006540299641147218
0.61,3.8434176771125377,3.8497107959217964,3.846564236517167,0.0062931188092587576
0.62,3.8548294650482218,3.8641087815979343,3.859469123323078,0.00927931654971248
0.63,3.864294061182211,3.8748331288609346,3.8695635950215728,0.01053906767872359
0.64,3.872646879063329,3.8831770659308416,3.877911972497085,0.010530186867512725
0.65,3.880147757722387,3.8901648261600483,3.8851562919412177,0.010017068437661258
0.66,3.8870351453789147,3.8966196983685837,3.8918274218737494,0.009584552989668982
0.67,3.8934096659254425,3.9027478207984325,3.8980787433619373,0.009338154872990057
0.68,3.8995131891428385,3.908544440737631,3.9040288149402347,0.009031251594792344
0.6900000000000001,3.905678228511093,3.914174315231997,3.9099262718715453,0.00849608672090385
0.7000000000000001,3.912013685925583,3.9196839733423077,3.915848829633945,0.007670287416724708
0.71,3.919146509388636,3.925594036355822,3.922370272872229,0.006447526967185979
0.72,3.9269876542952717,3.931732126533832,3.9293598904145517,0.004744472238560338
0.73,3.9356820904126084,3.9388664530040693,3.937274271708339,0.003184362591460932
0.74,3.945460506525038,3.946874974450079,3.9461677404875584,0.001414467925040963
0.75,3.955959037967999,3.9555860199642536,3.9557725289661265,-0.0003730180037453401
0.76,3.9676171748568785,3.965483633388139,3.9665504041225086,-0.0021335414687393417
0.77,3.9798048194215556,3.9761420523803923,3.977973435900974,-0.003662767041163306
0.78,3.9922653977455114,3.9874712596663984,3.989868328705955,-0.004794138079112997
0.79,4.0047365517189375,3.9994554532700413,4.00209600249449,-0.005281098448896238
0.8,4.016767663501583,4.0114235690877384,4.014095616294661,-0.005344094413844758
0.81,4.027901853107474,4.023358387435559,4.025630120271517,-0.0045434656719152144
0.8200000000000001,4.038348522414983,4.0347556527145345,4.036552087564759,-0.0035928697004488086
0.8300000000000001,4.04717421772639,4.045468432309462,4.046321325017926,-0.0017057854169282294
0.84,4.054683906428504,4.055455545045319,4.055069725736912,0.0007716386168157285
0.85,4.059897258431319,4.0641488660430785,4.0620230622371984,0.004251607611759134
0.86,4.062993607222416,4.0711822713858234,4.06708793930412,0.008188664163407466
0.87,4.065159836064285,4.075860123126749,4.070509979595517,0.010700287062464398
0.88,4.066824247177848,4.078412840806802,4.072618543992325,0.011588593628953703
0.89,4.068480957359222,4.080112553176112,4.074296755267667,0.01163159581688955
0.9,4.0704812517008575,4.0818264117009955,4.0761538317009265,0.011345160000137966
0.91,4.072643795972216,4.083365499833906,4.078004647903061,0.010721703861690024
0.92,4.075479361758415,4.085234754362458,4.080357058060436,0.00975539260404279
0.93,4.0787085069256195,4.087280386119482,4.082994446522551,0.008571879193862486
0.9400000000000001,4.083209228694661,4.089663051094738,4.086436139894699,0.006453822400077414
0.9500000000000001,4.0890110244799125,4.0927014772289425,4.0908562508544275,0.0036904527490300154
0.96,4.096898506974455,4.096294082537545,4.096596294756,-0.0006044244369096674
0.97,4.108015544717437,4.101062353731484,4.104538949224461,-0.0069531909859534835
0.98,4.12339820935287,4.107257010364677,4.115327609858774,-0.016141198988193217
0.99,4.145336398052622,4.115332998044991,4.130334698048807,-0.030003400007631242
1.0,4.17806,4.126319911442992,4.1521899557214965,-0.05174008855700851
